Month,Segment,Budget Revenue (EUR),Actual Revenue (EUR),Budget Costs (EUR),Actual Costs (EUR)
2025-01-01,Product,112800,109416,59220,60404
2025-01-01,Services,71583,72299,38617,37845
2025-01-01,Subscriptions,45300,47112,15100,15100
2025-02-01,Product,115200,116352,60480,60480
2025-02-01,Services,73106,76030,39439,39833
2025-02-01,Subscriptions,46264,45801,15421,15884
2025-03-01,Product,117600,122304,61740,60505
2025-03-01,Services,74629,73883,40260,40260
2025-03-01,Subscriptions,47228,50062,15743,15586
2025-04-01,Product,120000,118800,63000,63630
2025-04-01,Services,76152,80721,41082,42314
2025-04-01,Subscriptions,48192,49638,16064,16385
2025-05-01,Product,121200,128472,63630,63630
2025-05-01,Services,76914,79221,41493,41078
2025-05-01,Subscriptions,48674,48674,16225,15738
2025-06-01,Product,122400,126072,64260,66188
2025-06-01,Services,77675,77675,41904,42742
2025-06-01,Subscriptions,49156,53088,16385,16549
2025-07-01,Product,123600,123600,64890,64241
2025-07-01,Services,78437,84712,42314,41045
2025-07-01,Subscriptions,49638,50631,16546,16546
2025-08-01,Product,124800,134784,65520,66830
2025-08-01,Services,79198,80782,42725,43152
2025-08-01,Subscriptions,50120,52626,16707,17375
2025-09-01,Product,122400,124848,64260,62332
2025-09-01,Services,77675,81559,41904,41904
2025-09-01,Subscriptions,49156,53580,16385,16713
2025-10-01,Product,126000,132300,66150,66812
2025-10-01,Services,79960,87156,43136,44861
2025-10-01,Subscriptions,50602,57686,16867,16867
2025-11-01,Product,130800,142572,68670,68670
2025-11-01,Services,83006,94627,44779,45675
2025-11-01,Subscriptions,52529,50953,17510,17160
2025-12-01,Product,141600,161424,74340,77314
2025-12-01,Services,89859,87163,48477,48477
2025-12-01,Subscriptions,56867,57436,18956,19146
